--
-- PostgreSQL database dump
--

-- Dumped from database version 10.22
-- Dumped by pg_dump version 10.22

-- Started on 2023-04-11 12:33:27

SET statement_timeout = 0;
SET lock_timeout = 0;
SET idle_in_transaction_session_timeout = 0;
SET client_encoding = 'UTF8';
SET standard_conforming_strings = on;
SELECT pg_catalog.set_config('search_path', '', false);
SET check_function_bodies = false;
SET xmloption = content;
SET client_min_messages = warning;
SET row_security = off;

--
-- TOC entry 1 (class 3079 OID 12924)
-- Name: plpgsql; Type: EXTENSION; Schema: -; Owner: 
--

CREATE EXTENSION IF NOT EXISTS plpgsql WITH SCHEMA pg_catalog;


--
-- TOC entry 2863 (class 0 OID 0)
-- Dependencies: 1
-- Name: EXTENSION plpgsql; Type: COMMENT; Schema: -; Owner: 
--

COMMENT ON EXTENSION plpgsql IS 'PL/pgSQL procedural language';


SET default_tablespace = '';

SET default_with_oids = false;

--
-- TOC entry 197 (class 1259 OID 82150)
-- Name: category; Type: TABLE; Schema: public; Owner: postgres
--

CREATE TABLE public.category (
    id integer NOT NULL,
    name character varying(255)
);


ALTER TABLE public.category OWNER TO postgres;

--
-- TOC entry 196 (class 1259 OID 82148)
-- Name: category_id_seq; Type: SEQUENCE; Schema: public; Owner: postgres
--

ALTER TABLE public.category ALTER COLUMN id ADD GENERATED BY DEFAULT AS IDENTITY (
    SEQUENCE NAME public.category_id_seq
    START WITH 1
    INCREMENT BY 1
    NO MINVALUE
    NO MAXVALUE
    CACHE 1
);


--
-- TOC entry 199 (class 1259 OID 82157)
-- Name: image; Type: TABLE; Schema: public; Owner: postgres
--

CREATE TABLE public.image (
    id integer NOT NULL,
    file_name character varying(255),
    product_id integer NOT NULL
);


ALTER TABLE public.image OWNER TO postgres;

--
-- TOC entry 198 (class 1259 OID 82155)
-- Name: image_id_seq; Type: SEQUENCE; Schema: public; Owner: postgres
--

ALTER TABLE public.image ALTER COLUMN id ADD GENERATED BY DEFAULT AS IDENTITY (
    SEQUENCE NAME public.image_id_seq
    START WITH 1
    INCREMENT BY 1
    NO MINVALUE
    NO MAXVALUE
    CACHE 1
);


--
-- TOC entry 201 (class 1259 OID 82164)
-- Name: orders; Type: TABLE; Schema: public; Owner: postgres
--

CREATE TABLE public.orders (
    id integer NOT NULL,
    count integer NOT NULL,
    date_time timestamp without time zone,
    number character varying(255),
    price real NOT NULL,
    status integer,
    person_id integer NOT NULL,
    product_id integer NOT NULL
);


ALTER TABLE public.orders OWNER TO postgres;

--
-- TOC entry 200 (class 1259 OID 82162)
-- Name: orders_id_seq; Type: SEQUENCE; Schema: public; Owner: postgres
--

ALTER TABLE public.orders ALTER COLUMN id ADD GENERATED BY DEFAULT AS IDENTITY (
    SEQUENCE NAME public.orders_id_seq
    START WITH 1
    INCREMENT BY 1
    NO MINVALUE
    NO MAXVALUE
    CACHE 1
);


--
-- TOC entry 203 (class 1259 OID 82171)
-- Name: person; Type: TABLE; Schema: public; Owner: postgres
--

CREATE TABLE public.person (
    id integer NOT NULL,
    login character varying(50),
    password character varying(255),
    role character varying(255)
);


ALTER TABLE public.person OWNER TO postgres;

--
-- TOC entry 202 (class 1259 OID 82169)
-- Name: person_id_seq; Type: SEQUENCE; Schema: public; Owner: postgres
--

ALTER TABLE public.person ALTER COLUMN id ADD GENERATED BY DEFAULT AS IDENTITY (
    SEQUENCE NAME public.person_id_seq
    START WITH 1
    INCREMENT BY 1
    NO MINVALUE
    NO MAXVALUE
    CACHE 1
);


--
-- TOC entry 205 (class 1259 OID 82181)
-- Name: product; Type: TABLE; Schema: public; Owner: postgres
--

CREATE TABLE public.product (
    id integer NOT NULL,
    date_time_of_created timestamp without time zone,
    description text NOT NULL,
    price real NOT NULL,
    title text NOT NULL,
    warehouse character varying(255) NOT NULL,
    category_id integer NOT NULL,
    CONSTRAINT product_price_check CHECK ((price >= (1)::double precision))
);


ALTER TABLE public.product OWNER TO postgres;

--
-- TOC entry 207 (class 1259 OID 82192)
-- Name: product_cart; Type: TABLE; Schema: public; Owner: postgres
--

CREATE TABLE public.product_cart (
    id integer NOT NULL,
    person_id integer,
    product_id integer
);


ALTER TABLE public.product_cart OWNER TO postgres;

--
-- TOC entry 206 (class 1259 OID 82190)
-- Name: product_cart_id_seq; Type: SEQUENCE; Schema: public; Owner: postgres
--

ALTER TABLE public.product_cart ALTER COLUMN id ADD GENERATED BY DEFAULT AS IDENTITY (
    SEQUENCE NAME public.product_cart_id_seq
    START WITH 1
    INCREMENT BY 1
    NO MINVALUE
    NO MAXVALUE
    CACHE 1
);


--
-- TOC entry 204 (class 1259 OID 82179)
-- Name: product_id_seq; Type: SEQUENCE; Schema: public; Owner: postgres
--

ALTER TABLE public.product ALTER COLUMN id ADD GENERATED BY DEFAULT AS IDENTITY (
    SEQUENCE NAME public.product_id_seq
    START WITH 1
    INCREMENT BY 1
    NO MINVALUE
    NO MAXVALUE
    CACHE 1
);


--
-- TOC entry 2845 (class 0 OID 82150)
-- Dependencies: 197
-- Data for Name: category; Type: TABLE DATA; Schema: public; Owner: postgres
--

INSERT INTO public.category (id, name) VALUES (1, 'Посуда');
INSERT INTO public.category (id, name) VALUES (2, 'Домашний текстиль');
INSERT INTO public.category (id, name) VALUES (3, 'Аксессуары для ванной');


--
-- TOC entry 2847 (class 0 OID 82157)
-- Dependencies: 199
-- Data for Name: image; Type: TABLE DATA; Schema: public; Owner: postgres
--

INSERT INTO public.image (id, file_name, product_id) VALUES (1, '4cda0c73-5e6a-4d1d-a66d-a727dad0692b.1.jpg', 1);
INSERT INTO public.image (id, file_name, product_id) VALUES (2, '6e846c4f-9a40-4e25-bda5-fd287c967922.2.jpg', 1);
INSERT INTO public.image (id, file_name, product_id) VALUES (3, 'e6e4dde7-e347-4a30-afac-454fa747ea6a.3.jpg', 1);
INSERT INTO public.image (id, file_name, product_id) VALUES (4, '2e1a6c0f-1a50-4fba-a224-dac6f381a505.4.jpg', 1);
INSERT INTO public.image (id, file_name, product_id) VALUES (5, '6630d80a-b9ef-48fa-af40-fae35f5f3505.5.jpg', 1);
INSERT INTO public.image (id, file_name, product_id) VALUES (6, 'e927a9f8-b0d4-4d6a-ada1-1c16c14e12e2.1.jpg', 2);
INSERT INTO public.image (id, file_name, product_id) VALUES (7, '936be0d1-c46d-43dc-8df3-01cf7a30aff6.2.jpg', 2);
INSERT INTO public.image (id, file_name, product_id) VALUES (8, '1ce662ae-b1ea-49ad-b3fd-72a58a580b01.3.jpg', 2);
INSERT INTO public.image (id, file_name, product_id) VALUES (9, '79244b63-61d4-40b9-9233-420fb5093278.4.jpg', 2);
INSERT INTO public.image (id, file_name, product_id) VALUES (10, '27de3b3c-abcf-419d-a74d-eca554f1023e.5.jpg', 2);
INSERT INTO public.image (id, file_name, product_id) VALUES (11, 'b1b07811-e7ee-422e-ad19-a058023da7cd.1.jpg', 3);
INSERT INTO public.image (id, file_name, product_id) VALUES (12, 'b1f5ce84-e2bb-49b9-9510-e7895fbf7fc5.2.jpg', 3);
INSERT INTO public.image (id, file_name, product_id) VALUES (13, 'e5f83f7a-c5d8-422f-86d2-ef175daa1d4f.3.jpg', 3);
INSERT INTO public.image (id, file_name, product_id) VALUES (14, 'c9f9f226-41d5-4c40-b1a3-053c5d11b5f4.4.jpg', 3);
INSERT INTO public.image (id, file_name, product_id) VALUES (15, '2eecfccc-e151-415b-a74b-1d828135a0d1.5.jpg', 3);
INSERT INTO public.image (id, file_name, product_id) VALUES (16, 'c711813d-e9ff-4210-a7b7-e2346aaab27a.1.jpg', 4);
INSERT INTO public.image (id, file_name, product_id) VALUES (17, '61073550-2c49-4fa8-ac93-e85d00be6c00.2.jpg', 4);
INSERT INTO public.image (id, file_name, product_id) VALUES (18, 'd8474243-498e-4daa-9e40-e8e1f56f6eff.3.jpg', 4);
INSERT INTO public.image (id, file_name, product_id) VALUES (19, 'ae334641-555c-4374-ab36-317420fd52d1.4.jpg', 4);
INSERT INTO public.image (id, file_name, product_id) VALUES (20, 'f7aaec41-ac7c-4cb1-b820-edaea472fec6.5.jpg', 4);
INSERT INTO public.image (id, file_name, product_id) VALUES (21, 'fe88f9e6-7280-453d-a968-194f828a4d8f.1.jpg', 5);
INSERT INTO public.image (id, file_name, product_id) VALUES (22, '11809a31-6ebf-4071-bdb1-35d24823244f.2.jpg', 5);
INSERT INTO public.image (id, file_name, product_id) VALUES (23, 'c583c1c9-41ae-4e59-aaf8-49523399520c.3.jpg', 5);
INSERT INTO public.image (id, file_name, product_id) VALUES (24, '0f7a2a1d-8f2a-4e2b-a4ce-7f81f796d395.4.jpg', 5);
INSERT INTO public.image (id, file_name, product_id) VALUES (25, '5c730a9e-15ca-4f33-93de-d3c9bec2e799.5.jpg', 5);
INSERT INTO public.image (id, file_name, product_id) VALUES (26, '7fff6243-9db3-4f7f-96ba-f22bb1c6f33e.1.jpg', 6);
INSERT INTO public.image (id, file_name, product_id) VALUES (27, '574633b6-3177-47ce-b5e4-c051ce139429.2.jpg', 6);
INSERT INTO public.image (id, file_name, product_id) VALUES (28, '0077e0aa-f3b9-4e10-9949-7af3734293a3.3.jpg', 6);
INSERT INTO public.image (id, file_name, product_id) VALUES (29, '0d79f8e8-73d9-403a-827d-f61770695f30.4.jpg', 6);
INSERT INTO public.image (id, file_name, product_id) VALUES (30, 'd250fb37-2936-4aa8-9bc6-4fbddf29abb9.5.jpg', 6);
INSERT INTO public.image (id, file_name, product_id) VALUES (31, '78e841d0-fa77-4481-94ae-c05f46f96939.1.jpg', 7);
INSERT INTO public.image (id, file_name, product_id) VALUES (32, '3c202e0d-68ca-4548-96e0-cf404102319c.2.jpg', 7);
INSERT INTO public.image (id, file_name, product_id) VALUES (33, '99559582-a886-4ad6-9122-dd97580624e4.3.jpg', 7);
INSERT INTO public.image (id, file_name, product_id) VALUES (34, 'c2b01f6e-e776-416b-ab44-a055703054fc.4.jpg', 7);
INSERT INTO public.image (id, file_name, product_id) VALUES (35, '8bbdf781-8b96-4380-ae0e-458fd6a077f7.5.jpg', 7);
INSERT INTO public.image (id, file_name, product_id) VALUES (36, 'd73fa7fa-a6c9-4368-b433-5bf290f475dc.1.jpg', 8);
INSERT INTO public.image (id, file_name, product_id) VALUES (37, 'de5143c0-09c8-4e24-9e8a-834932ee1e5d.2.jpg', 8);
INSERT INTO public.image (id, file_name, product_id) VALUES (38, 'd4317ce7-b2a5-47e4-8b0f-c3a8795c6068.3.jpg', 8);
INSERT INTO public.image (id, file_name, product_id) VALUES (39, '0ddb2a8a-f5cf-4be2-b2c2-9702e0112ac0.4.jpg', 8);
INSERT INTO public.image (id, file_name, product_id) VALUES (40, '5a2b2d9f-40c4-4ea4-9f93-485129a6f9f4.5.jpg', 8);
INSERT INTO public.image (id, file_name, product_id) VALUES (41, '96f1c335-5bc5-4b2e-ba6a-db3040515917.1.jpg', 9);
INSERT INTO public.image (id, file_name, product_id) VALUES (42, '1480829b-f174-44fb-87a7-78da879bb7fe.2.jpg', 9);
INSERT INTO public.image (id, file_name, product_id) VALUES (43, '91d2a196-b272-4fb3-b8b5-58c0d25e6216.3.jpg', 9);
INSERT INTO public.image (id, file_name, product_id) VALUES (44, 'c0767160-b372-43f6-bce7-8906a9358b0a.4.jpg', 9);
INSERT INTO public.image (id, file_name, product_id) VALUES (45, '2b7e1261-4c65-4ac5-aea8-5d18718e863c.5.jpg', 9);


--
-- TOC entry 2849 (class 0 OID 82164)
-- Dependencies: 201
-- Data for Name: orders; Type: TABLE DATA; Schema: public; Owner: postgres
--

INSERT INTO public.orders (id, count, date_time, number, price, status, person_id, product_id) VALUES (1, 1, '2023-04-10 13:41:22.879894', 'a467a729-742c-42d3-90f9-757523aeda1c', 980, 1, 2, 6);
INSERT INTO public.orders (id, count, date_time, number, price, status, person_id, product_id) VALUES (2, 1, '2023-04-10 13:46:03.483339', '6129b3b4-857f-4b23-91ae-18470e4fc76b', 350, 1, 2, 3);
INSERT INTO public.orders (id, count, date_time, number, price, status, person_id, product_id) VALUES (3, 0, NULL, '0a6eac2e-a2c9-4dd8-ab85-011bce291fd0', 13500, 4, 2, 7);


--
-- TOC entry 2851 (class 0 OID 82171)
-- Dependencies: 203
-- Data for Name: person; Type: TABLE DATA; Schema: public; Owner: postgres
--

INSERT INTO public.person (id, login, password, role) VALUES (1, 'admin', '$2a$10$rq0x.2heEp/4wbTrADBatuKejfPL/kBxaqZR7uDfT7G/cRhd4D3k.', 'ROLE_ADMIN');
INSERT INTO public.person (id, login, password, role) VALUES (2, 'user1', '$2a$10$kFRSrbM16iS3YcYKHM4Bz.nHf9rCJcaAaJocS8XH5aqo94eDK4S1.', 'ROLE_USER');


--
-- TOC entry 2853 (class 0 OID 82181)
-- Dependencies: 205
-- Data for Name: product; Type: TABLE DATA; Schema: public; Owner: postgres
--

INSERT INTO public.product (id, date_time_of_created, description, price, title, warehouse, category_id) VALUES (3, NULL, 'Выполнен из жаропрочного боросиликатного стекла, устойчивого к царапинам и сколам, не мутнеет и сохраняет первозданный вид многие годы. Чайник можно подогревать на любой плите (кроме индукционной). В комплекте ситечко и крышка из бамбука. Чайник заварочный - идеальный подарок, который сделает любую кухню невероятно уютной.', 350, 'Чайник заварочный стеклянный JOY', 'Коледино', 1);
INSERT INTO public.product (id, date_time_of_created, description, price, title, warehouse, category_id) VALUES (4, NULL, 'В сервизе столовом обеденном из фарфора на 6 персон (26 предметов) подобраны самые практичные и многофункциональные формы. В состав набора входит: чашки объемом 340 мл - 6 шт., десертные тарелки 18 см - 6 шт., тарелки глубокие суповые 770 мл, диаметр 16 см - 6 штук; мелкие основные тарелки диаметром 24 см - 6 штук; салатники/полуглубокие тарелки - 2 штуки.', 18000, 'Набор посуды Seasons 26 предметов', 'Коледино', 1);
INSERT INTO public.product (id, date_time_of_created, description, price, title, warehouse, category_id) VALUES (1, NULL, 'Объем 300 мл. Три световых индикатора разного цвета обеспечивают подачу фиксированного количества мыльной пены. Зеленый означает подачу 0,6 г жидкого мыла, синий - 1 г, белый  - 1,8 г. Пенный раствор подается сразу же, время отклика минимальное. Устройство работает от аккумулятора 800 mAh. Для подзарядки устройства в комплект поставки входит кабель.', 1300, 'Бесконтактный сенсорный диспенсер', 'Коледино', 3);
INSERT INTO public.product (id, date_time_of_created, description, price, title, warehouse, category_id) VALUES (8, NULL, 'Подвесная декоративная полочка - это отличный держатель для хранения ванных принадлежностей и аксессуаров, а еще современный декор в ванну или туалет. Прямая черная матовая металлическая полка имеет прочное крепление. Удобная форма полки позволяет хранить на ее поверхности декоративную косметику, средства по уходу за кожей или волосами, мыло и т.д.', 1150, 'Полка настенная металлическая', 'Коледино', 3);
INSERT INTO public.product (id, date_time_of_created, description, price, title, warehouse, category_id) VALUES (2, NULL, 'Комплект постельного белья Евро размера изготовлен из страйп-сатина с плотностью плетения 145 гр/м2). Для производства ткани используется крученая хлопковая пряжа высокой плотности и двойного плетения. Состав ткани-100% турецкий хлопок. У постельного белья тактильно приятная, ровная и гладкая фактура с легким благородным блеском. ', 6390, 'Комплект  постельного белья KARNA Eвро', 'Коледино', 2);
INSERT INTO public.product (id, date_time_of_created, description, price, title, warehouse, category_id) VALUES (7, NULL, 'Состав набора: ковш с крышкой 1,5 л; кастрюля с крышкой 1,5 л; кастрюля с крышкой 2,2 л; кастрюля с крышкой 3,2 л; кастрюля с крышкой 5,2 л; сковорода с крышкой 2,4 л; бакелитовая подставка под горячее 17 см. Толщина стенки - 0,6 мм, толщина дна - 2,8 мм. Полировка внешняя - матовая, внутренняя - зеркальная. Крышки из жаропрочного стекла с отверстием для выхода пара.', 13500, 'Набор посуды Taller TR-11047 Шелборн', 'Коледино', 1);
INSERT INTO public.product (id, date_time_of_created, description, price, title, warehouse, category_id) VALUES (9, NULL, 'Каркас изготовлен из прочного металла с устойчивым к воде и коррозии покрытием. Держатель прост в сборке и установке. Крепление в комплекте, выдерживает до 20 кг.  Настенный полотенцедержатель – многофункциональный, полезный аксессуар для ванной, с ним легко организовать порядок, на трех уровнях компактно разместятся несколько полотенец.', 1100, 'Держатель для полотенец IQVILL', 'Коледино', 3);
INSERT INTO public.product (id, date_time_of_created, description, price, title, warehouse, category_id) VALUES (5, NULL, 'Мягкий плюшевый однотонный плед из плотного велсофта с густым ворсом в кубик размером 200 на 220 см идеально впишется в любой интерьер. Велсофт - искусственный материал нового поколения, который сохраняет цвет после множества стирок, быстро сохнет и прост в уходе. Гипоаллергенный и безопасный. Рекомендации по уходу: машинная стирка в деликатном режиме при 30 градусах.', 1000, 'Плед плюшевый 200х220 евро', 'Коледино', 2);
INSERT INTO public.product (id, date_time_of_created, description, price, title, warehouse, category_id) VALUES (6, NULL, 'Комплект махровых банных полотенец выполнен из 100% хлопка, является экологичными и гипоаллергенными. Плотность полотенец 360 гр/м2, идеальный вариант для повседневного использования, отлично впитывают влагу и быстро сохнут.  Полотенца не линяют и даже после многочисленных стирок не теряют свой цвет.  Рекомендуется стирать перед первым применением.', 980, 'Комплект полотенец Nefertiti 6 штук', 'Коледино', 2);


--
-- TOC entry 2855 (class 0 OID 82192)
-- Dependencies: 207
-- Data for Name: product_cart; Type: TABLE DATA; Schema: public; Owner: postgres
--

INSERT INTO public.product_cart (id, person_id, product_id) VALUES (19, 2, 3);
INSERT INTO public.product_cart (id, person_id, product_id) VALUES (20, 2, 6);
INSERT INTO public.product_cart (id, person_id, product_id) VALUES (21, 2, 7);


--
-- TOC entry 2864 (class 0 OID 0)
-- Dependencies: 196
-- Name: category_id_seq; Type: SEQUENCE SET; Schema: public; Owner: postgres
--

SELECT pg_catalog.setval('public.category_id_seq', 3, true);


--
-- TOC entry 2865 (class 0 OID 0)
-- Dependencies: 198
-- Name: image_id_seq; Type: SEQUENCE SET; Schema: public; Owner: postgres
--

SELECT pg_catalog.setval('public.image_id_seq', 45, true);


--
-- TOC entry 2866 (class 0 OID 0)
-- Dependencies: 200
-- Name: orders_id_seq; Type: SEQUENCE SET; Schema: public; Owner: postgres
--

SELECT pg_catalog.setval('public.orders_id_seq', 3, true);


--
-- TOC entry 2867 (class 0 OID 0)
-- Dependencies: 202
-- Name: person_id_seq; Type: SEQUENCE SET; Schema: public; Owner: postgres
--

SELECT pg_catalog.setval('public.person_id_seq', 2, true);


--
-- TOC entry 2868 (class 0 OID 0)
-- Dependencies: 206
-- Name: product_cart_id_seq; Type: SEQUENCE SET; Schema: public; Owner: postgres
--

SELECT pg_catalog.setval('public.product_cart_id_seq', 21, true);


--
-- TOC entry 2869 (class 0 OID 0)
-- Dependencies: 204
-- Name: product_id_seq; Type: SEQUENCE SET; Schema: public; Owner: postgres
--

SELECT pg_catalog.setval('public.product_id_seq', 9, true);


--
-- TOC entry 2704 (class 2606 OID 82154)
-- Name: category category_pkey; Type: CONSTRAINT; Schema: public; Owner: postgres
--

ALTER TABLE ONLY public.category
    ADD CONSTRAINT category_pkey PRIMARY KEY (id);


--
-- TOC entry 2706 (class 2606 OID 82161)
-- Name: image image_pkey; Type: CONSTRAINT; Schema: public; Owner: postgres
--

ALTER TABLE ONLY public.image
    ADD CONSTRAINT image_pkey PRIMARY KEY (id);


--
-- TOC entry 2708 (class 2606 OID 82168)
-- Name: orders orders_pkey; Type: CONSTRAINT; Schema: public; Owner: postgres
--

ALTER TABLE ONLY public.orders
    ADD CONSTRAINT orders_pkey PRIMARY KEY (id);


--
-- TOC entry 2710 (class 2606 OID 82178)
-- Name: person person_pkey; Type: CONSTRAINT; Schema: public; Owner: postgres
--

ALTER TABLE ONLY public.person
    ADD CONSTRAINT person_pkey PRIMARY KEY (id);


--
-- TOC entry 2716 (class 2606 OID 82196)
-- Name: product_cart product_cart_pkey; Type: CONSTRAINT; Schema: public; Owner: postgres
--

ALTER TABLE ONLY public.product_cart
    ADD CONSTRAINT product_cart_pkey PRIMARY KEY (id);


--
-- TOC entry 2712 (class 2606 OID 82189)
-- Name: product product_pkey; Type: CONSTRAINT; Schema: public; Owner: postgres
--

ALTER TABLE ONLY public.product
    ADD CONSTRAINT product_pkey PRIMARY KEY (id);


--
-- TOC entry 2714 (class 2606 OID 82198)
-- Name: product uk_qka6vxqdy1dprtqnx9trdd47c; Type: CONSTRAINT; Schema: public; Owner: postgres
--

ALTER TABLE ONLY public.product
    ADD CONSTRAINT uk_qka6vxqdy1dprtqnx9trdd47c UNIQUE (title);


--
-- TOC entry 2718 (class 2606 OID 82204)
-- Name: orders fk1b0m4muwx1t377w9if3w6wwqn; Type: FK CONSTRAINT; Schema: public; Owner: postgres
--

ALTER TABLE ONLY public.orders
    ADD CONSTRAINT fk1b0m4muwx1t377w9if3w6wwqn FOREIGN KEY (person_id) REFERENCES public.person(id);


--
-- TOC entry 2720 (class 2606 OID 82214)
-- Name: product fk1mtsbur82frn64de7balymq9s; Type: FK CONSTRAINT; Schema: public; Owner: postgres
--

ALTER TABLE ONLY public.product
    ADD CONSTRAINT fk1mtsbur82frn64de7balymq9s FOREIGN KEY (category_id) REFERENCES public.category(id);


--
-- TOC entry 2719 (class 2606 OID 82209)
-- Name: orders fk787ibr3guwp6xobrpbofnv7le; Type: FK CONSTRAINT; Schema: public; Owner: postgres
--

ALTER TABLE ONLY public.orders
    ADD CONSTRAINT fk787ibr3guwp6xobrpbofnv7le FOREIGN KEY (product_id) REFERENCES public.product(id);


--
-- TOC entry 2717 (class 2606 OID 82199)
-- Name: image fkgpextbyee3uk9u6o2381m7ft1; Type: FK CONSTRAINT; Schema: public; Owner: postgres
--

ALTER TABLE ONLY public.image
    ADD CONSTRAINT fkgpextbyee3uk9u6o2381m7ft1 FOREIGN KEY (product_id) REFERENCES public.product(id);


--
-- TOC entry 2722 (class 2606 OID 82224)
-- Name: product_cart fkhpnrxdy3jhujameyod08ilvvw; Type: FK CONSTRAINT; Schema: public; Owner: postgres
--

ALTER TABLE ONLY public.product_cart
    ADD CONSTRAINT fkhpnrxdy3jhujameyod08ilvvw FOREIGN KEY (product_id) REFERENCES public.product(id);


--
-- TOC entry 2721 (class 2606 OID 82219)
-- Name: product_cart fksgnkc1ko2i1o9yr2p63ysq3rn; Type: FK CONSTRAINT; Schema: public; Owner: postgres
--

ALTER TABLE ONLY public.product_cart
    ADD CONSTRAINT fksgnkc1ko2i1o9yr2p63ysq3rn FOREIGN KEY (person_id) REFERENCES public.person(id);


-- Completed on 2023-04-11 12:33:28

--
-- PostgreSQL database dump complete
--

